{
    "efectivo": 2423.8942376096747,
    "posiciones": {
        "NVDA": 0.0,
        "AVGO": 0.0,
        "MU": 0.0,
        "ANET": 0.0,
        "MRVL": 0,
        "MSFT": 0.0,
        "AMZN": 174.1968607892034,
        "LLY": 11.312729082763925,
        "V": 0.0,
        "META": 0.0,
        "BTC": 0.0
    },
    "ultima_actualizacion": "2026-05-10T08:43:37.336725"
}